[
  {
    "value": "Restaurant",
    "synonyms": [
      "restaurant",
      "restaurants"
    ]
  },
  {
    "value": "Shop",
    "synonyms": [
      "shop",
      "shops",
      "crafting options"
    ]
  },
  {
    "value": "ActivityPath",
    "synonyms": [
      "activity path",
      "activity paths",
      "mountain path",
      "mountain paths",
      "trekking path",
      "trekking paths",
      "path",
      "paths",
      "trekking activities",
      "trekking activity",
      "sports"
    ]
  },
  {
    "value": "Attraction",
    "synonyms": [
      "attraction",
      "attractions",
      "entertaiment"
    ]
  },
  {
    "value": "EmergencyService",
    "synonyms": [
      "emergency service",
      "emergency services",
      "emergency medical",
      "pharmacy",
      "pharmacies",
      "emergency",
      "doctor",
      "doctors",
      "hospital"
    ]
  },
  {
    "value": "Hotel",
    "synonyms": [
      "hotel",
      "hotels",
      "apartment",
      "apartments",
      "bed and breakfast",
      "b\u0026b",
      "camping",
      "hostel",
      "accommodation",
      "accommodations",
      "accomodation",
      "structure",
      "structures",
      "family accomodation",
      "family accommodations",
      "lodge",
      "lodges"
    ]
  }
]