[
  {
    "value": "Aldino",
    "synonyms": [
      "Aldino"
    ]
  },
  {
    "value": "Andriano",
    "synonyms": [
      "Andriano"
    ]
  },
  {
    "value": "Anterivo",
    "synonyms": [
      "Anterivo"
    ]
  },
  {
    "value": "Appiano sulla strada del vino",
    "synonyms": [
      "Appiano sulla strada del vino"
    ]
  },
  {
    "value": "Avelengo",
    "synonyms": [
      "Avelengo"
    ]
  },
  {
    "value": "Badia",
    "synonyms": [
      "Badia"
    ]
  },
  {
    "value": "Barbiano",
    "synonyms": [
      "Barbiano"
    ]
  },
  {
    "value": "Bolzano",
    "synonyms": [
      "Bolzano"
    ]
  },
  {
    "value": "Braies",
    "synonyms": [
      "Braies"
    ]
  },
  {
    "value": "Brennero",
    "synonyms": [
      "Brennero"
    ]
  },
  {
    "value": "Bressanone",
    "synonyms": [
      "Bressanone"
    ]
  },
  {
    "value": "Bronzolo",
    "synonyms": [
      "Bronzolo"
    ]
  },
  {
    "value": "Brunico",
    "synonyms": [
      "Brunico"
    ]
  },
  {
    "value": "Caines",
    "synonyms": [
      "Caines"
    ]
  },
  {
    "value": "Caldaro sulla strada del vino",
    "synonyms": [
      "Caldaro sulla strada del vino"
    ]
  },
  {
    "value": "Campo di Trens",
    "synonyms": [
      "Campo di Trens"
    ]
  },
  {
    "value": "Campo Tures",
    "synonyms": [
      "Campo Tures"
    ]
  },
  {
    "value": "Castelbello-Ciardes",
    "synonyms": [
      "Castelbello-Ciardes"
    ]
  },
  {
    "value": "Castelrotto",
    "synonyms": [
      "Castelrotto"
    ]
  },
  {
    "value": "Cermes",
    "synonyms": [
      "Cermes"
    ]
  },
  {
    "value": "Chienes",
    "synonyms": [
      "Chienes"
    ]
  },
  {
    "value": "Chiusa",
    "synonyms": [
      "Chiusa"
    ]
  },
  {
    "value": "Cornedo all\u0027Isarco",
    "synonyms": [
      "Cornedo all\u0027Isarco"
    ]
  },
  {
    "value": "Cortaccia sulla strada del vino",
    "synonyms": [
      "Cortaccia sulla strada del vino"
    ]
  },
  {
    "value": "Cortina sulla strada del vino",
    "synonyms": [
      "Cortina sulla strada del vino"
    ]
  },
  {
    "value": "Corvara in Badia",
    "synonyms": [
      "Corvara in Badia"
    ]
  },
  {
    "value": "Curon Venosta",
    "synonyms": [
      "Curon Venosta"
    ]
  },
  {
    "value": "Dobbiaco",
    "synonyms": [
      "Dobbiaco"
    ]
  },
  {
    "value": "Egna",
    "synonyms": [
      "Egna"
    ]
  },
  {
    "value": "Falzes",
    "synonyms": [
      "Falzes"
    ]
  },
  {
    "value": "Fiè allo Sciliar",
    "synonyms": [
      "Fiè allo Sciliar"
    ]
  },
  {
    "value": "Fortezza",
    "synonyms": [
      "Fortezza"
    ]
  },
  {
    "value": "Funes",
    "synonyms": [
      "Funes"
    ]
  },
  {
    "value": "Gais",
    "synonyms": [
      "Gais"
    ]
  },
  {
    "value": "Gargazzone",
    "synonyms": [
      "Gargazzone"
    ]
  },
  {
    "value": "Glorenza",
    "synonyms": [
      "Glorenza"
    ]
  },
  {
    "value": "Laces",
    "synonyms": [
      "Laces"
    ]
  },
  {
    "value": "Lagundo",
    "synonyms": [
      "Lagundo"
    ]
  },
  {
    "value": "Laion",
    "synonyms": [
      "Laion"
    ]
  },
  {
    "value": "Laives",
    "synonyms": [
      "Laives"
    ]
  },
  {
    "value": "Lana",
    "synonyms": [
      "Lana"
    ]
  },
  {
    "value": "Lasa",
    "synonyms": [
      "Lasa"
    ]
  },
  {
    "value": "Lauregno",
    "synonyms": [
      "Lauregno"
    ]
  },
  {
    "value": "Luson",
    "synonyms": [
      "Luson"
    ]
  },
  {
    "value": "Magrè sulla strada del vino",
    "synonyms": [
      "Magrè sulla strada del vino"
    ]
  },
  {
    "value": "Malles Venosta",
    "synonyms": [
      "Malles Venosta"
    ]
  },
  {
    "value": "Marebbe",
    "synonyms": [
      "Marebbe"
    ]
  },
  {
    "value": "Marlengo",
    "synonyms": [
      "Marlengo"
    ]
  },
  {
    "value": "Martello",
    "synonyms": [
      "Martello"
    ]
  },
  {
    "value": "Meltina",
    "synonyms": [
      "Meltina"
    ]
  },
  {
    "value": "Merano",
    "synonyms": [
      "Merano"
    ]
  },
  {
    "value": "Monguelfo-Tesido",
    "synonyms": [
      "Monguelfo-Tesido"
    ]
  },
  {
    "value": "Montagna",
    "synonyms": [
      "Montagna"
    ]
  },
  {
    "value": "Moso in Passiria",
    "synonyms": [
      "Moso in Passiria"
    ]
  },
  {
    "value": "Nalles",
    "synonyms": [
      "Nalles"
    ]
  },
  {
    "value": "Naturno",
    "synonyms": [
      "Naturno"
    ]
  },
  {
    "value": "Naz-Sciaves",
    "synonyms": [
      "Naz-Sciaves"
    ]
  },
  {
    "value": "Nova Levante",
    "synonyms": [
      "Nova Levante"
    ]
  },
  {
    "value": "Nova Ponente",
    "synonyms": [
      "Nova Ponente"
    ]
  },
  {
    "value": "Ora",
    "synonyms": [
      "Ora"
    ]
  },
  {
    "value": "Ortisei",
    "synonyms": [
      "Ortisei"
    ]
  },
  {
    "value": "Parcines",
    "synonyms": [
      "Parcines"
    ]
  },
  {
    "value": "Perca",
    "synonyms": [
      "Perca"
    ]
  },
  {
    "value": "Plaus",
    "synonyms": [
      "Plaus"
    ]
  },
  {
    "value": "Ponte Gardena",
    "synonyms": [
      "Ponte Gardena"
    ]
  },
  {
    "value": "Postal",
    "synonyms": [
      "Postal"
    ]
  },
  {
    "value": "Prato allo Stelvio",
    "synonyms": [
      "Prato allo Stelvio"
    ]
  },
  {
    "value": "Predoi",
    "synonyms": [
      "Predoi"
    ]
  },
  {
    "value": "Proves",
    "synonyms": [
      "Proves"
    ]
  },
  {
    "value": "Racines",
    "synonyms": [
      "Racines"
    ]
  },
  {
    "value": "Rasun-Anterselva",
    "synonyms": [
      "Rasun-Anterselva"
    ]
  },
  {
    "value": "Renon",
    "synonyms": [
      "Renon"
    ]
  },
  {
    "value": "Rifiano",
    "synonyms": [
      "Rifiano"
    ]
  },
  {
    "value": "Rio di Pusteria",
    "synonyms": [
      "Rio di Pusteria"
    ]
  },
  {
    "value": "Rodengo",
    "synonyms": [
      "Rodengo"
    ]
  },
  {
    "value": "Salorno",
    "synonyms": [
      "Salorno"
    ]
  },
  {
    "value": "San Candido",
    "synonyms": [
      "San Candido"
    ]
  },
  {
    "value": "San Genesio Atesino",
    "synonyms": [
      "San Genesio Atesino"
    ]
  },
  {
    "value": "San Leonardo in Passiria",
    "synonyms": [
      "San Leonardo in Passiria"
    ]
  },
  {
    "value": "San Lorenzo di Sebato",
    "synonyms": [
      "San Lorenzo di Sebato"
    ]
  },
  {
    "value": "San Martino in Badia",
    "synonyms": [
      "San Martino in Badia"
    ]
  },
  {
    "value": "San Martino in Passiria",
    "synonyms": [
      "San Martino in Passiria"
    ]
  },
  {
    "value": "San Pancrazio",
    "synonyms": [
      "San Pancrazio"
    ]
  },
  {
    "value": "Santa Cristina Valgardena",
    "synonyms": [
      "Santa Cristina Valgardena"
    ]
  },
  {
    "value": "Sarentino",
    "synonyms": [
      "Sarentino"
    ]
  },
  {
    "value": "Scena",
    "synonyms": [
      "Scena"
    ]
  },
  {
    "value": "Selva dei Molini",
    "synonyms": [
      "Selva dei Molini"
    ]
  },
  {
    "value": "Selva di Val Gardena",
    "synonyms": [
      "Selva di Val Gardena"
    ]
  },
  {
    "value": "Senales",
    "synonyms": [
      "Senales"
    ]
  },
  {
    "value": "Sesto",
    "synonyms": [
      "Sesto"
    ]
  },
  {
    "value": "Silandro",
    "synonyms": [
      "Silandro"
    ]
  },
  {
    "value": "Sluderno",
    "synonyms": [
      "Sluderno"
    ]
  },
  {
    "value": "Stelvio",
    "synonyms": [
      "Stelvio"
    ]
  },
  {
    "value": "Terento",
    "synonyms": [
      "Terento"
    ]
  },
  {
    "value": "Terlano",
    "synonyms": [
      "Terlano"
    ]
  },
  {
    "value": "Termeno sulla strada del vino",
    "synonyms": [
      "Termeno sulla strada del vino"
    ]
  },
  {
    "value": "Tesimo",
    "synonyms": [
      "Tesimo"
    ]
  },
  {
    "value": "Tires",
    "synonyms": [
      "Tires"
    ]
  },
  {
    "value": "Tirolo",
    "synonyms": [
      "Tirolo"
    ]
  },
  {
    "value": "Trodena nel parco naturale",
    "synonyms": [
      "Trodena nel parco naturale"
    ]
  },
  {
    "value": "Tubre",
    "synonyms": [
      "Tubre"
    ]
  },
  {
    "value": "Ultimo",
    "synonyms": [
      "Ultimo"
    ]
  },
  {
    "value": "Vadena",
    "synonyms": [
      "Vadena"
    ]
  },
  {
    "value": "Valdaora",
    "synonyms": [
      "Valdaora"
    ]
  },
  {
    "value": "Val di Vizze",
    "synonyms": [
      "Val di Vizze"
    ]
  },
  {
    "value": "Valle Aurina",
    "synonyms": [
      "Valle Aurina"
    ]
  },
  {
    "value": "Valle di Casies",
    "synonyms": [
      "Valle di Casies"
    ]
  },
  {
    "value": "Vandoies",
    "synonyms": [
      "Vandoies"
    ]
  },
  {
    "value": "Varna",
    "synonyms": [
      "Varna"
    ]
  },
  {
    "value": "Verano",
    "synonyms": [
      "Verano"
    ]
  },
  {
    "value": "Villabassa",
    "synonyms": [
      "Villabassa"
    ]
  },
  {
    "value": "Villandro",
    "synonyms": [
      "Villandro"
    ]
  },
  {
    "value": "Vipiteno",
    "synonyms": [
      "Vipiteno"
    ]
  },
  {
    "value": "Velturno",
    "synonyms": [
      "Velturno"
    ]
  },
  {
    "value": "La Valle",
    "synonyms": [
      "La Valle"
    ]
  },
  {
    "value": "Senale-San Felice",
    "synonyms": [
      "Senale-San Felice"
    ]
  },
  {
    "value": "Ala",
    "synonyms": [
      "Ala"
    ]
  },
  {
    "value": "Albiano",
    "synonyms": [
      "Albiano"
    ]
  },
  {
    "value": "Aldeno",
    "synonyms": [
      "Aldeno"
    ]
  },
  {
    "value": "Andalo",
    "synonyms": [
      "Andalo"
    ]
  },
  {
    "value": "Arco",
    "synonyms": [
      "Arco"
    ]
  },
  {
    "value": "Avio",
    "synonyms": [
      "Avio"
    ]
  },
  {
    "value": "Baselga di Pinè",
    "synonyms": [
      "Baselga di Pinè"
    ]
  },
  {
    "value": "Bedollo",
    "synonyms": [
      "Bedollo"
    ]
  },
  {
    "value": "Besenello",
    "synonyms": [
      "Besenello"
    ]
  },
  {
    "value": "Bieno",
    "synonyms": [
      "Bieno"
    ]
  },
  {
    "value": "Bleggio Superiore",
    "synonyms": [
      "Bleggio Superiore"
    ]
  },
  {
    "value": "Bocenago",
    "synonyms": [
      "Bocenago"
    ]
  },
  {
    "value": "Bondone",
    "synonyms": [
      "Bondone"
    ]
  },
  {
    "value": "Borgo Valsugana",
    "synonyms": [
      "Borgo Valsugana"
    ]
  },
  {
    "value": "Brentonico",
    "synonyms": [
      "Brentonico"
    ]
  },
  {
    "value": "Bresimo",
    "synonyms": [
      "Bresimo"
    ]
  },
  {
    "value": "Brez",
    "synonyms": [
      "Brez"
    ]
  },
  {
    "value": "Caderzone Terme",
    "synonyms": [
      "Caderzone Terme"
    ]
  },
  {
    "value": "Cagnò",
    "synonyms": [
      "Cagnò"
    ]
  },
  {
    "value": "Calceranica al Lago",
    "synonyms": [
      "Calceranica al Lago"
    ]
  },
  {
    "value": "Caldes",
    "synonyms": [
      "Caldes"
    ]
  },
  {
    "value": "Caldonazzo",
    "synonyms": [
      "Caldonazzo"
    ]
  },
  {
    "value": "Calliano",
    "synonyms": [
      "Calliano"
    ]
  },
  {
    "value": "Campitello di Fassa",
    "synonyms": [
      "Campitello di Fassa"
    ]
  },
  {
    "value": "Campodenno",
    "synonyms": [
      "Campodenno"
    ]
  },
  {
    "value": "Canal San Bovo",
    "synonyms": [
      "Canal San Bovo"
    ]
  },
  {
    "value": "Canazei",
    "synonyms": [
      "Canazei"
    ]
  },
  {
    "value": "Capriana",
    "synonyms": [
      "Capriana"
    ]
  },
  {
    "value": "Carano",
    "synonyms": [
      "Carano"
    ]
  },
  {
    "value": "Carisolo",
    "synonyms": [
      "Carisolo"
    ]
  },
  {
    "value": "Carzano",
    "synonyms": [
      "Carzano"
    ]
  },
  {
    "value": "Castel Condino",
    "synonyms": [
      "Castel Condino"
    ]
  },
  {
    "value": "Castelfondo",
    "synonyms": [
      "Castelfondo"
    ]
  },
  {
    "value": "Castello-Molina di Fiemme",
    "synonyms": [
      "Castello-Molina di Fiemme"
    ]
  },
  {
    "value": "Castello Tesino",
    "synonyms": [
      "Castello Tesino"
    ]
  },
  {
    "value": "Castelnuovo",
    "synonyms": [
      "Castelnuovo"
    ]
  },
  {
    "value": "Cavalese",
    "synonyms": [
      "Cavalese"
    ]
  },
  {
    "value": "Cavareno",
    "synonyms": [
      "Cavareno"
    ]
  },
  {
    "value": "Cavedago",
    "synonyms": [
      "Cavedago"
    ]
  },
  {
    "value": "Cavedine",
    "synonyms": [
      "Cavedine"
    ]
  },
  {
    "value": "Cavizzana",
    "synonyms": [
      "Cavizzana"
    ]
  },
  {
    "value": "Cimone",
    "synonyms": [
      "Cimone"
    ]
  },
  {
    "value": "Cinte Tesino",
    "synonyms": [
      "Cinte Tesino"
    ]
  },
  {
    "value": "Cis",
    "synonyms": [
      "Cis"
    ]
  },
  {
    "value": "Civezzano",
    "synonyms": [
      "Civezzano"
    ]
  },
  {
    "value": "Cles",
    "synonyms": [
      "Cles"
    ]
  },
  {
    "value": "Cloz",
    "synonyms": [
      "Cloz"
    ]
  },
  {
    "value": "Commezzadura",
    "synonyms": [
      "Commezzadura"
    ]
  },
  {
    "value": "Croviana",
    "synonyms": [
      "Croviana"
    ]
  },
  {
    "value": "Daiano",
    "synonyms": [
      "Daiano"
    ]
  },
  {
    "value": "Dambel",
    "synonyms": [
      "Dambel"
    ]
  },
  {
    "value": "Denno",
    "synonyms": [
      "Denno"
    ]
  },
  {
    "value": "Drena",
    "synonyms": [
      "Drena"
    ]
  },
  {
    "value": "Dro",
    "synonyms": [
      "Dro"
    ]
  },
  {
    "value": "Faedo",
    "synonyms": [
      "Faedo"
    ]
  },
  {
    "value": "Fai della Paganella",
    "synonyms": [
      "Fai della Paganella"
    ]
  },
  {
    "value": "Fiavè",
    "synonyms": [
      "Fiavè"
    ]
  },
  {
    "value": "Fierozzo",
    "synonyms": [
      "Fierozzo"
    ]
  },
  {
    "value": "Folgaria",
    "synonyms": [
      "Folgaria"
    ]
  },
  {
    "value": "Fondo",
    "synonyms": [
      "Fondo"
    ]
  },
  {
    "value": "Fornace",
    "synonyms": [
      "Fornace"
    ]
  },
  {
    "value": "Frassilongo",
    "synonyms": [
      "Frassilongo"
    ]
  },
  {
    "value": "Garniga Terme",
    "synonyms": [
      "Garniga Terme"
    ]
  },
  {
    "value": "Giovo",
    "synonyms": [
      "Giovo"
    ]
  },
  {
    "value": "Giustino",
    "synonyms": [
      "Giustino"
    ]
  },
  {
    "value": "Grigno",
    "synonyms": [
      "Grigno"
    ]
  },
  {
    "value": "Imer",
    "synonyms": [
      "Imer"
    ]
  },
  {
    "value": "Isera",
    "synonyms": [
      "Isera"
    ]
  },
  {
    "value": "Lavarone",
    "synonyms": [
      "Lavarone"
    ]
  },
  {
    "value": "Lavis",
    "synonyms": [
      "Lavis"
    ]
  },
  {
    "value": "Levico Terme",
    "synonyms": [
      "Levico Terme"
    ]
  },
  {
    "value": "Livo",
    "synonyms": [
      "Livo"
    ]
  },
  {
    "value": "Lona-Lases",
    "synonyms": [
      "Lona-Lases"
    ]
  },
  {
    "value": "Luserna",
    "synonyms": [
      "Luserna"
    ]
  },
  {
    "value": "Malé",
    "synonyms": [
      "Malé"
    ]
  },
  {
    "value": "Malosco",
    "synonyms": [
      "Malosco"
    ]
  },
  {
    "value": "Massimeno",
    "synonyms": [
      "Massimeno"
    ]
  },
  {
    "value": "Mazzin",
    "synonyms": [
      "Mazzin"
    ]
  },
  {
    "value": "Mezzana",
    "synonyms": [
      "Mezzana"
    ]
  },
  {
    "value": "Mezzano",
    "synonyms": [
      "Mezzano"
    ]
  },
  {
    "value": "Mezzocorona",
    "synonyms": [
      "Mezzocorona"
    ]
  },
  {
    "value": "Mezzolombardo",
    "synonyms": [
      "Mezzolombardo"
    ]
  },
  {
    "value": "Moena",
    "synonyms": [
      "Moena"
    ]
  },
  {
    "value": "Molveno",
    "synonyms": [
      "Molveno"
    ]
  },
  {
    "value": "Mori",
    "synonyms": [
      "Mori"
    ]
  },
  {
    "value": "Nago-Torbole",
    "synonyms": [
      "Nago-Torbole"
    ]
  },
  {
    "value": "Nogaredo",
    "synonyms": [
      "Nogaredo"
    ]
  },
  {
    "value": "Nomi",
    "synonyms": [
      "Nomi"
    ]
  },
  {
    "value": "Novaledo",
    "synonyms": [
      "Novaledo"
    ]
  },
  {
    "value": "Ospedaletto",
    "synonyms": [
      "Ospedaletto"
    ]
  },
  {
    "value": "Ossana",
    "synonyms": [
      "Ossana"
    ]
  },
  {
    "value": "Palù del Fersina",
    "synonyms": [
      "Palù del Fersina"
    ]
  },
  {
    "value": "Panchià",
    "synonyms": [
      "Panchià"
    ]
  },
  {
    "value": "Ronzo-Chienis",
    "synonyms": [
      "Ronzo-Chienis"
    ]
  },
  {
    "value": "Peio",
    "synonyms": [
      "Peio"
    ]
  },
  {
    "value": "Pellizzano",
    "synonyms": [
      "Pellizzano"
    ]
  },
  {
    "value": "Pelugo",
    "synonyms": [
      "Pelugo"
    ]
  },
  {
    "value": "Pergine Valsugana",
    "synonyms": [
      "Pergine Valsugana"
    ]
  },
  {
    "value": "Pieve Tesino",
    "synonyms": [
      "Pieve Tesino"
    ]
  },
  {
    "value": "Pinzolo",
    "synonyms": [
      "Pinzolo"
    ]
  },
  {
    "value": "Pomarolo",
    "synonyms": [
      "Pomarolo"
    ]
  },
  {
    "value": "Predazzo",
    "synonyms": [
      "Predazzo"
    ]
  },
  {
    "value": "Rabbi",
    "synonyms": [
      "Rabbi"
    ]
  },
  {
    "value": "Revò",
    "synonyms": [
      "Revò"
    ]
  },
  {
    "value": "Riva del Garda",
    "synonyms": [
      "Riva del Garda"
    ]
  },
  {
    "value": "Romallo",
    "synonyms": [
      "Romallo"
    ]
  },
  {
    "value": "Romeno",
    "synonyms": [
      "Romeno"
    ]
  },
  {
    "value": "Roncegno Terme",
    "synonyms": [
      "Roncegno Terme"
    ]
  },
  {
    "value": "Ronchi Valsugana",
    "synonyms": [
      "Ronchi Valsugana"
    ]
  },
  {
    "value": "Ronzone",
    "synonyms": [
      "Ronzone"
    ]
  },
  {
    "value": "Roverè della Luna",
    "synonyms": [
      "Roverè della Luna"
    ]
  },
  {
    "value": "Rovereto",
    "synonyms": [
      "Rovereto"
    ]
  },
  {
    "value": "Ruffrè-Mendola",
    "synonyms": [
      "Ruffrè-Mendola"
    ]
  },
  {
    "value": "Rumo",
    "synonyms": [
      "Rumo"
    ]
  },
  {
    "value": "Sagron Mis",
    "synonyms": [
      "Sagron Mis"
    ]
  },
  {
    "value": "Samone",
    "synonyms": [
      "Samone"
    ]
  },
  {
    "value": "San Michele all\u0027Adige",
    "synonyms": [
      "San Michele all\u0027Adige"
    ]
  },
  {
    "value": "Sant\u0027Orsola Terme",
    "synonyms": [
      "Sant\u0027Orsola Terme"
    ]
  },
  {
    "value": "Sanzeno",
    "synonyms": [
      "Sanzeno"
    ]
  },
  {
    "value": "Sarnonico",
    "synonyms": [
      "Sarnonico"
    ]
  },
  {
    "value": "Scurelle",
    "synonyms": [
      "Scurelle"
    ]
  },
  {
    "value": "Segonzano",
    "synonyms": [
      "Segonzano"
    ]
  },
  {
    "value": "Sfruz",
    "synonyms": [
      "Sfruz"
    ]
  },
  {
    "value": "Soraga di Fassa",
    "synonyms": [
      "Soraga di Fassa"
    ]
  },
  {
    "value": "Sover",
    "synonyms": [
      "Sover"
    ]
  },
  {
    "value": "Spiazzo",
    "synonyms": [
      "Spiazzo"
    ]
  },
  {
    "value": "Spormaggiore",
    "synonyms": [
      "Spormaggiore"
    ]
  },
  {
    "value": "Sporminore",
    "synonyms": [
      "Sporminore"
    ]
  },
  {
    "value": "Stenico",
    "synonyms": [
      "Stenico"
    ]
  },
  {
    "value": "Storo",
    "synonyms": [
      "Storo"
    ]
  },
  {
    "value": "Strembo",
    "synonyms": [
      "Strembo"
    ]
  },
  {
    "value": "Telve",
    "synonyms": [
      "Telve"
    ]
  },
  {
    "value": "Telve di Sopra",
    "synonyms": [
      "Telve di Sopra"
    ]
  },
  {
    "value": "Tenna",
    "synonyms": [
      "Tenna"
    ]
  },
  {
    "value": "Tenno",
    "synonyms": [
      "Tenno"
    ]
  },
  {
    "value": "Terragnolo",
    "synonyms": [
      "Terragnolo"
    ]
  },
  {
    "value": "Terzolas",
    "synonyms": [
      "Terzolas"
    ]
  },
  {
    "value": "Tesero",
    "synonyms": [
      "Tesero"
    ]
  },
  {
    "value": "Tione di Trento",
    "synonyms": [
      "Tione di Trento"
    ]
  },
  {
    "value": "Ton",
    "synonyms": [
      "Ton"
    ]
  },
  {
    "value": "Torcegno",
    "synonyms": [
      "Torcegno"
    ]
  },
  {
    "value": "Trambileno",
    "synonyms": [
      "Trambileno"
    ]
  },
  {
    "value": "Trento",
    "synonyms": [
      "Trento"
    ]
  },
  {
    "value": "Valfloriana",
    "synonyms": [
      "Valfloriana"
    ]
  },
  {
    "value": "Vallarsa",
    "synonyms": [
      "Vallarsa"
    ]
  },
  {
    "value": "Varena",
    "synonyms": [
      "Varena"
    ]
  },
  {
    "value": "Vermiglio",
    "synonyms": [
      "Vermiglio"
    ]
  },
  {
    "value": "Vignola-Falesina",
    "synonyms": [
      "Vignola-Falesina"
    ]
  },
  {
    "value": "Villa Lagarina",
    "synonyms": [
      "Villa Lagarina"
    ]
  },
  {
    "value": "Volano",
    "synonyms": [
      "Volano"
    ]
  },
  {
    "value": "Ziano di Fiemme",
    "synonyms": [
      "Ziano di Fiemme"
    ]
  },
  {
    "value": "Comano Terme",
    "synonyms": [
      "Comano Terme"
    ]
  },
  {
    "value": "Ledro",
    "synonyms": [
      "Ledro"
    ]
  },
  {
    "value": "Predaia",
    "synonyms": [
      "Predaia"
    ]
  },
  {
    "value": "San Lorenzo Dorsino",
    "synonyms": [
      "San Lorenzo Dorsino"
    ]
  },
  {
    "value": "Valdaone",
    "synonyms": [
      "Valdaone"
    ]
  },
  {
    "value": "Dimaro Folgarida",
    "synonyms": [
      "Dimaro Folgarida"
    ]
  },
  {
    "value": "Pieve di Bono-Prezzo",
    "synonyms": [
      "Pieve di Bono-Prezzo"
    ]
  },
  {
    "value": "Altavalle",
    "synonyms": [
      "Altavalle"
    ]
  },
  {
    "value": "Altopiano della Vigolana",
    "synonyms": [
      "Altopiano della Vigolana"
    ]
  },
  {
    "value": "Amblar-Don",
    "synonyms": [
      "Amblar-Don"
    ]
  },
  {
    "value": "Borgo Chiese",
    "synonyms": [
      "Borgo Chiese"
    ]
  },
  {
    "value": "Borgo Lares",
    "synonyms": [
      "Borgo Lares"
    ]
  },
  {
    "value": "Castel Ivano",
    "synonyms": [
      "Castel Ivano"
    ]
  },
  {
    "value": "Cembra Lisignago",
    "synonyms": [
      "Cembra Lisignago"
    ]
  },
  {
    "value": "Contà",
    "synonyms": [
      "Contà"
    ]
  },
  {
    "value": "Madruzzo",
    "synonyms": [
      "Madruzzo"
    ]
  },
  {
    "value": "Porte di Rendena",
    "synonyms": [
      "Porte di Rendena"
    ]
  },
  {
    "value": "Primiero San Martino di Castrozza",
    "synonyms": [
      "Primiero San Martino di Castrozza"
    ]
  },
  {
    "value": "Sella Giudicarie",
    "synonyms": [
      "Sella Giudicarie"
    ]
  },
  {
    "value": "Tre Ville",
    "synonyms": [
      "Tre Ville"
    ]
  },
  {
    "value": "Vallelaghi",
    "synonyms": [
      "Vallelaghi"
    ]
  },
  {
    "value": "Ville d\u0027Anaunia",
    "synonyms": [
      "Ville d\u0027Anaunia"
    ]
  },
  {
    "value": "San Giovanni di Fassa",
    "synonyms": [
      "San Giovanni di Fassa"
    ]
  },
  {
    "value": "Terre d\u0027Adige",
    "synonyms": [
      "Terre d\u0027Adige"
    ]
  }
]