[
  {
    "value": "price",
    "synonyms": [
      "price",
      "prices"
    ]
  },
  {
    "value": "latitude",
    "synonyms": [
      "latitude"
    ]
  },
  {
    "value": "longitude",
    "synonyms": [
      "longitude"
    ]
  },
  {
    "value": "address",
    "synonyms": [
      "address"
    ]
  },
  {
    "value": "city",
    "synonyms": [
      "city",
      "cities"
    ]
  },
  {
    "value": "email",
    "synonyms": [
      "email",
      "mail"
    ]
  },
  {
    "value": "position",
    "synonyms": [
      "position",
      "positions"
    ]
  },
  {
    "value": "difficult",
    "synonyms": [
      "difficult",
      "difficulty"
    ]
  },
  {
    "value": "time",
    "synonyms": [
      "time",
      "travelling time"
    ]
  },
  {
    "value": "wellness",
    "synonyms": [
      "spa",
      "spas",
      "wellness",
      "SPAs",
      "SPA"
    ]
  },
  {
    "value": "menu",
    "synonyms": [
      "menu"
    ]
  },
  {
    "value": "parking",
    "synonyms": [
      "parking",
      "parkings"
    ]
  },
  {
    "value": "numBeds",
    "synonyms": [
      "numBeds",
      "number of beds",
      "number bed"
    ]
  },
  {
    "value": "animals",
    "synonyms": [
      "animals",
      "animal",
      "accept animal"
    ]
  },
  {
    "value": "internet",
    "synonyms": [
      "internet"
    ]
  },
  {
    "value": "star",
    "synonyms": [
      "star",
      "stars"
    ]
  },
  {
    "value": "vote",
    "synonyms": [
      "votes",
      "user evaluation",
      "well-voted",
      "vote"
    ]
  }
]