[
  {
    "value": "S_Optician_photography",
    "synonyms": [
      "photo",
      "photo-related",
      "photography",
      "opticipian",
      "photography-related"
    ]
  },
  {
    "value": "S_Agricoltural_products",
    "synonyms": [
      "S_Agricoltural_products",
      "agricoltur",
      "agricoltural products"
    ]
  },
  {
    "value": "S_Antiques",
    "synonyms": [
      "S_Antiques",
      "antiques"
    ]
  },
  {
    "value": "S_Artists",
    "synonyms": [
      "S_Artists",
      "artists",
      "artist"
    ]
  },
  {
    "value": "S_Artist_gilder",
    "synonyms": [
      "S_Artist_gilder",
      "artist gilder"
    ]
  },
  {
    "value": "S_Beverages",
    "synonyms": [
      "S_Beverages",
      "beverages"
    ]
  },
  {
    "value": "S_Bikes",
    "synonyms": [
      "S_Bikes",
      "bikes",
      "bike",
      "bicycle",
      "bycicles"
    ]
  },
  {
    "value": "S_Bread_baked_goods",
    "synonyms": [
      "S_Bread_baked_goods",
      "bread",
      "baked",
      "baked goods",
      "bread and baked goods"
    ]
  },
  {
    "value": "S_Cleanings",
    "synonyms": [
      "S_Cleanings",
      "cleanings"
    ]
  },
  {
    "value": "S_Computer_accessories_technology",
    "synonyms": [
      "S_Computer_accessories_technology",
      "computer",
      "computer accessories",
      "computers",
      "pc",
      "technology"
    ]
  },
  {
    "value": "S_Drugstore",
    "synonyms": [
      "S_Drugstore",
      "drugstore"
    ]
  },
  {
    "value": "S_Fashion_clothing",
    "synonyms": [
      "S_Fashion_clothing",
      "fashion",
      "clothes",
      "fashion clothing"
    ]
  },
  {
    "value": "S_Flowers",
    "synonyms": [
      "S_Flowers",
      "flowers"
    ]
  },
  {
    "value": "S_Fruits_vegetables",
    "synonyms": [
      "S_Fruits_vegetables",
      "fruits",
      "vegetables",
      "fruits and vegetables",
      "fruit",
      "vegetable"
    ]
  },
  {
    "value": "S_Groceries",
    "synonyms": [
      "S_Groceries",
      "groceries"
    ]
  },
  {
    "value": "S_Handicrafts",
    "synonyms": [
      "S_Handicrafts",
      "handicrafts",
      "crafting options"
    ]
  },
  {
    "value": "S_Home_furnishings",
    "synonyms": [
      "S_Home_furnishings",
      "home",
      "forniture",
      "home furniture"
    ]
  },
  {
    "value": "S_Housewares",
    "synonyms": [
      "S_Housewares",
      "house",
      "housewares"
    ]
  },
  {
    "value": "S_Jeweller_Goldsmiths",
    "synonyms": [
      "S_Jeweller_Goldsmiths",
      "jeweller",
      "jewellerly",
      "goldsmith"
    ]
  },
  {
    "value": "S_Kids_fashion",
    "synonyms": [
      "S_Kids_fashion",
      "kids",
      "kids fashion",
      "kid fashion"
    ]
  },
  {
    "value": "S_Leather_ware_shoes",
    "synonyms": [
      "S_Leather_ware_shoes",
      "leather shoes",
      "shoes",
      "leather",
      "leather ware shoes"
    ]
  },
  {
    "value": "S_Local_traditional_products",
    "synonyms": [
      "S_Local_traditional_products",
      "local traditional products",
      "local products",
      "traditional products",
      "local traditional"
    ]
  },
  {
    "value": "S_Meat_sausages",
    "synonyms": [
      "S_Meat_sausages",
      "meat",
      "sausages",
      "butcher"
    ]
  },
  {
    "value": "S_More_craft",
    "synonyms": [
      "S_More_craft",
      "craft"
    ]
  },
  {
    "value": "S_Newspapers_books_stationary",
    "synonyms": [
      "S_Newspapers_books_stationary",
      "newspapers",
      "newspaper",
      "book",
      "books",
      "stationary",
      "bookstore",
      "book store",
      "bookstores"
    ]
  },
  {
    "value": "S_Paints_Wallpapers",
    "synonyms": [
      "S_Paints_Wallpapers",
      "paints",
      "wallpapers"
    ]
  },
  {
    "value": "S_Pet_supplies",
    "synonyms": [
      "S_Pet_supplies",
      "pet",
      "pets",
      "pet supplies"
    ]
  },
  {
    "value": "S_Production_facilities_farm_shops",
    "synonyms": [
      "S_Production_facilities_farm_shops",
      "farm",
      "farms",
      "farm products",
      "production facilities farm shops"
    ]
  },
  {
    "value": "S_Quill_embroidery",
    "synonyms": [
      "S_Quill_embroidery",
      "quill embroidery"
    ]
  },
  {
    "value": "S_Sculptor",
    "synonyms": [
      "S_Sculptor",
      "scupltor"
    ]
  },
  {
    "value": "S_Souvenirs",
    "synonyms": [
      "S_Souvenirs",
      "souvenirs",
      "souvenir"
    ]
  },
  {
    "value": "S_Sport_equipment",
    "synonyms": [
      "S_Sport_equipment",
      "sport",
      "sport equipment"
    ]
  },
  {
    "value": "S_Toys",
    "synonyms": [
      "S_Toys",
      "toy",
      "toys"
    ]
  },
  {
    "value": "S_Weaving_mill_arts",
    "synonyms": [
      "S_Weaving_mill_arts",
      "weaving mill arts"
    ]
  }
]