[
  {
    "id": "45ca090b-e240-443c-aad4-7beb69d337e3",
    "data": [
      {
        "text": "hotels",
        "meta": "@Class",
        "alias": "subject",
        "userDefined": false
      },
      {
        "text": " checkin ",
        "userDefined": false
      },
      {
        "text": "at 12",
        "meta": "@sys.time",
        "alias": "checkin",
        "userDefined": false
      }
    ],
    "isTemplate": false,
    "count": 0,
    "lang": "en",
    "updated": 0
  },
  {
    "id": "2dd936c8-670d-479a-945d-96c9d9f1caa9",
    "data": [
      {
        "text": "local traditional",
        "meta": "@ShopEnum",
        "alias": "shop_enum",
        "userDefined": false
      },
      {
        "text": " ",
        "userDefined": false
      },
      {
        "text": "shops",
        "meta": "@Class",
        "alias": "subject",
        "userDefined": false
      },
      {
        "text": " ",
        "userDefined": false
      },
      {
        "text": "alto adige",
        "meta": "@Region",
        "alias": "region",
        "userDefined": false
      }
    ],
    "isTemplate": false,
    "count": 0,
    "lang": "en",
    "updated": 0
  },
  {
    "id": "c5124c63-74d5-43e1-86a1-9748cc374599",
    "data": [
      {
        "text": "hotels",
        "meta": "@Class",
        "alias": "subject",
        "userDefined": false
      },
      {
        "text": " in ",
        "userDefined": false
      },
      {
        "text": "Arco",
        "meta": "@comuni",
        "alias": "comune",
        "userDefined": false
      }
    ],
    "isTemplate": false,
    "count": 0,
    "lang": "en",
    "updated": 0
  },
  {
    "id": "f5497e46-9958-45e5-9fe6-1c3877393300",
    "data": [
      {
        "text": "list of ",
        "userDefined": false
      },
      {
        "text": "emergency services",
        "meta": "@Class",
        "alias": "subject",
        "userDefined": false
      }
    ],
    "isTemplate": false,
    "count": 0,
    "lang": "en",
    "updated": 0
  },
  {
    "id": "faa4bfd0-da87-4c04-894e-a5e2af7ed186",
    "data": [
      {
        "text": "i was wondering if you can find some good ",
        "userDefined": false
      },
      {
        "text": "restaurants",
        "meta": "@Class",
        "alias": "subject",
        "userDefined": false
      },
      {
        "text": " in ",
        "userDefined": false
      },
      {
        "text": "Merano",
        "meta": "@comuni",
        "alias": "comune",
        "userDefined": false
      }
    ],
    "isTemplate": false,
    "count": 0,
    "lang": "en",
    "updated": 0
  },
  {
    "id": "f40cdbae-76c7-4577-898d-7b0c3e972ba7",
    "data": [
      {
        "text": "could you please give me all the ",
        "userDefined": false
      },
      {
        "text": "attractions",
        "meta": "@Class",
        "alias": "subject",
        "userDefined": false
      },
      {
        "text": " in ",
        "userDefined": false
      },
      {
        "text": "alto adige",
        "meta": "@Region",
        "alias": "region",
        "userDefined": false
      },
      {
        "text": "?",
        "userDefined": false
      }
    ],
    "isTemplate": false,
    "count": 0,
    "lang": "en",
    "updated": 0
  },
  {
    "id": "d6775134-59e3-46b4-bfa1-40b5334832a5",
    "data": [
      {
        "text": "Give me the ",
        "userDefined": false
      },
      {
        "text": "difficulty",
        "meta": "@Info",
        "alias": "information",
        "userDefined": true
      },
      {
        "text": " of the ",
        "userDefined": false
      },
      {
        "text": "mountain path",
        "meta": "@Class",
        "alias": "subject",
        "userDefined": false
      },
      {
        "text": " number ",
        "userDefined": false
      },
      {
        "text": "546",
        "meta": "@sys.number",
        "alias": "path_number",
        "userDefined": true
      },
      {
        "text": ", and also the expected ",
        "userDefined": false
      },
      {
        "text": "travelling time",
        "meta": "@Info",
        "alias": "information",
        "userDefined": true
      }
    ],
    "isTemplate": false,
    "count": 0,
    "lang": "en",
    "updated": 0
  },
  {
    "id": "895ed491-69e9-4ecb-950c-2ea4e039bc95",
    "data": [
      {
        "text": "Give me the ",
        "userDefined": false
      },
      {
        "text": "mountain paths",
        "meta": "@Class",
        "alias": "subject",
        "userDefined": false
      },
      {
        "text": " that go from the ",
        "userDefined": false
      },
      {
        "text": "lodge",
        "meta": "@sys.ignore",
        "userDefined": true
      },
      {
        "text": " ",
        "userDefined": false
      },
      {
        "text": "RIFUGIO RODA DI VAEL",
        "meta": "@PoiActivityPaths",
        "alias": "poi_activity_from",
        "userDefined": true
      },
      {
        "text": " to the ",
        "userDefined": false
      },
      {
        "text": "lodge",
        "meta": "@sys.ignore",
        "userDefined": false
      },
      {
        "text": " ",
        "userDefined": false
      },
      {
        "text": "RIFUGIO \u0027ALEARDO FRONZA\u0027 ALLE CORONELLE",
        "meta": "@PoiActivityPaths",
        "alias": "poi_activity_to",
        "userDefined": true
      }
    ],
    "isTemplate": false,
    "count": 0,
    "lang": "en",
    "updated": 0
  },
  {
    "id": "64788248-6e08-4963-b501-fd19c181dd9c",
    "data": [
      {
        "text": "Give me the ",
        "userDefined": false
      },
      {
        "text": "mountain paths",
        "meta": "@Class",
        "alias": "subject",
        "userDefined": false
      },
      {
        "text": " that start from the lodge ",
        "userDefined": false
      },
      {
        "text": "Ciampedìe",
        "meta": "@PoiActivityPaths",
        "alias": "poi_activity_from",
        "userDefined": true
      }
    ],
    "isTemplate": false,
    "count": 0,
    "lang": "en",
    "updated": 0
  },
  {
    "id": "7e8c9660-3613-4600-9821-b0e1d4891fcf",
    "data": [
      {
        "text": "Give ",
        "userDefined": false
      },
      {
        "text": "challenging",
        "meta": "@DifficultyActivityPath",
        "alias": "path_difficulty",
        "userDefined": true
      },
      {
        "text": " options of ",
        "userDefined": false
      },
      {
        "text": "sports",
        "meta": "@Class",
        "alias": "subject",
        "userDefined": true
      },
      {
        "text": " in ",
        "userDefined": false
      },
      {
        "text": "Trentino",
        "meta": "@Region",
        "alias": "region",
        "userDefined": true
      }
    ],
    "isTemplate": false,
    "count": 0,
    "lang": "en",
    "updated": 0
  },
  {
    "id": "c613e465-d9cb-45ab-bcfb-609550eb8d64",
    "data": [
      {
        "text": "Give the list of ",
        "userDefined": false
      },
      {
        "text": "smooth",
        "meta": "@DifficultyActivityPath",
        "alias": "path_difficulty",
        "userDefined": true
      },
      {
        "text": " ",
        "userDefined": false
      },
      {
        "text": "trekking paths",
        "meta": "@Class",
        "alias": "subject",
        "userDefined": false
      }
    ],
    "isTemplate": false,
    "count": 0,
    "lang": "en",
    "updated": 0
  },
  {
    "id": "655c839f-1004-4caa-bb07-22bcfca4ab71",
    "data": [
      {
        "text": "Please give me the ",
        "userDefined": false
      },
      {
        "text": "paths",
        "meta": "@Class",
        "alias": "subject",
        "userDefined": false
      },
      {
        "text": " with ",
        "userDefined": false
      },
      {
        "text": "high",
        "meta": "@DifficultyActivityPath",
        "alias": "path_difficulty",
        "userDefined": false
      },
      {
        "text": " ",
        "userDefined": false
      },
      {
        "text": "difficulty",
        "meta": "@Info",
        "alias": "information",
        "userDefined": false
      },
      {
        "text": " and ",
        "userDefined": false
      },
      {
        "text": "with equipment required",
        "meta": "@InfoEquipment",
        "alias": "info_equipment",
        "userDefined": false
      }
    ],
    "isTemplate": false,
    "count": 0,
    "lang": "en",
    "updated": 0
  },
  {
    "id": "40fb70cd-1ffe-4faa-95cd-a75a5257ff3a",
    "data": [
      {
        "text": "Give me the ",
        "userDefined": false
      },
      {
        "text": "medium",
        "meta": "@DifficultyActivityPath",
        "alias": "path_difficulty",
        "userDefined": false
      },
      {
        "text": " ",
        "userDefined": false
      },
      {
        "text": "difficulty",
        "meta": "@Info",
        "alias": "information",
        "userDefined": false
      },
      {
        "text": " ",
        "userDefined": false
      },
      {
        "text": "mountain paths",
        "meta": "@Class",
        "alias": "subject",
        "userDefined": false
      }
    ],
    "isTemplate": false,
    "count": 0,
    "lang": "en",
    "updated": 0
  },
  {
    "id": "03828368-24d5-4122-9e97-342cb515d5fa",
    "data": [
      {
        "text": "Can you show me the ",
        "userDefined": false
      },
      {
        "text": "activity paths",
        "meta": "@Class",
        "alias": "subject",
        "userDefined": false
      },
      {
        "text": " ",
        "userDefined": false
      },
      {
        "text": "with equipment required",
        "meta": "@InfoEquipment",
        "alias": "info_equipment",
        "userDefined": false
      },
      {
        "text": "?",
        "userDefined": false
      }
    ],
    "isTemplate": false,
    "count": 0,
    "lang": "en",
    "updated": 0
  },
  {
    "id": "ce7dfadb-84a7-49c2-a6c2-4289b34cd61e",
    "data": [
      {
        "text": "Can you give me the list of ",
        "userDefined": false
      },
      {
        "text": "mountain paths",
        "meta": "@Class",
        "alias": "subject",
        "userDefined": false
      },
      {
        "text": " ",
        "userDefined": false
      },
      {
        "text": "with equipment",
        "meta": "@InfoEquipment",
        "alias": "info_equipment",
        "userDefined": false
      },
      {
        "text": "?",
        "userDefined": false
      }
    ],
    "isTemplate": false,
    "count": 0,
    "lang": "en",
    "updated": 0
  },
  {
    "id": "6041f70f-768e-48fa-a3bd-c29498bcd832",
    "data": [
      {
        "text": "Show the ",
        "userDefined": false
      },
      {
        "text": "easiest",
        "meta": "@DifficultyActivityPath",
        "alias": "path_difficulty",
        "userDefined": false
      },
      {
        "text": " ",
        "userDefined": false
      },
      {
        "text": "mountain paths",
        "meta": "@Class",
        "alias": "subject",
        "userDefined": false
      },
      {
        "text": " ",
        "userDefined": false
      },
      {
        "text": "with equipment",
        "meta": "@InfoEquipment",
        "alias": "info_equipment",
        "userDefined": false
      }
    ],
    "isTemplate": false,
    "count": 0,
    "lang": "en",
    "updated": 0
  },
  {
    "id": "dc891fcc-dd7a-4362-b910-5db024428fad",
    "data": [
      {
        "text": "I\u0027d like to see the ",
        "userDefined": false
      },
      {
        "text": "hotels",
        "meta": "@Class",
        "alias": "subject",
        "userDefined": false
      },
      {
        "text": " where I can check in ",
        "userDefined": false
      },
      {
        "text": "at 15",
        "meta": "@sys.time",
        "alias": "checkin",
        "userDefined": false
      }
    ],
    "isTemplate": false,
    "count": 0,
    "lang": "en",
    "updated": 0
  },
  {
    "id": "a9b95de1-6098-477c-ba90-4743e700ac91",
    "data": [
      {
        "text": "Show me the ",
        "userDefined": false
      },
      {
        "text": "hotels",
        "meta": "@Class",
        "alias": "subject",
        "userDefined": false
      },
      {
        "text": " in ",
        "userDefined": false
      },
      {
        "text": "Trento",
        "meta": "@comuni",
        "alias": "comune",
        "userDefined": false
      },
      {
        "text": " where I can checkin ",
        "userDefined": false
      },
      {
        "text": "at 10",
        "meta": "@sys.time",
        "alias": "checkin",
        "userDefined": false
      }
    ],
    "isTemplate": false,
    "count": 0,
    "lang": "en",
    "updated": 0
  },
  {
    "id": "3a295c34-27c2-44db-98d8-22cc2634852d",
    "data": [
      {
        "text": "Please give me the list of ",
        "userDefined": false
      },
      {
        "text": "hotels",
        "meta": "@Class",
        "alias": "subject",
        "userDefined": false
      },
      {
        "text": " in ",
        "userDefined": false
      },
      {
        "text": "Rovereto",
        "meta": "@comuni",
        "alias": "comune",
        "userDefined": false
      },
      {
        "text": " in which I can checkin ",
        "userDefined": false
      },
      {
        "text": "at 11",
        "meta": "@sys.time",
        "alias": "checkin",
        "userDefined": false
      }
    ],
    "isTemplate": false,
    "count": 0,
    "lang": "en",
    "updated": 0
  },
  {
    "id": "1f95ddc6-4380-44cc-8eb3-2357699b392c",
    "data": [
      {
        "text": "Please give me the list of ",
        "userDefined": false
      },
      {
        "text": "hotels",
        "meta": "@Class",
        "alias": "subject",
        "userDefined": false
      },
      {
        "text": " in which I can checkin ",
        "userDefined": false
      },
      {
        "text": "at 11",
        "meta": "@sys.time",
        "alias": "checkin",
        "userDefined": false
      }
    ],
    "isTemplate": false,
    "count": 0,
    "lang": "en",
    "updated": 0
  },
  {
    "id": "ebddedb0-393c-4064-9c29-34c7b4fe1077",
    "data": [
      {
        "text": "Can you show me the ",
        "userDefined": false
      },
      {
        "text": "hotels",
        "meta": "@Class",
        "alias": "subject",
        "userDefined": false
      },
      {
        "text": " in ",
        "userDefined": false
      },
      {
        "text": "Bolzano",
        "meta": "@comuni",
        "alias": "comune",
        "userDefined": false
      },
      {
        "text": " where you can checkin ",
        "userDefined": false
      },
      {
        "text": "at 14.30",
        "meta": "@sys.time",
        "alias": "checkin",
        "userDefined": false
      },
      {
        "text": "?",
        "userDefined": false
      }
    ],
    "isTemplate": false,
    "count": 0,
    "lang": "en",
    "updated": 0
  },
  {
    "id": "389f40b8-8580-4c3e-82cb-e7b6bbad8d6f",
    "data": [
      {
        "text": "I would like to see the list of ",
        "userDefined": false
      },
      {
        "text": "book",
        "meta": "@ShopEnum",
        "alias": "shop_enum",
        "userDefined": false
      },
      {
        "text": " ",
        "userDefined": false
      },
      {
        "text": "shops",
        "meta": "@Class",
        "alias": "subject",
        "userDefined": false
      },
      {
        "text": " in ",
        "userDefined": false
      },
      {
        "text": "Bolzano",
        "meta": "@comuni",
        "alias": "comune",
        "userDefined": false
      }
    ],
    "isTemplate": false,
    "count": 0,
    "lang": "en",
    "updated": 0
  },
  {
    "id": "706ddd7d-9696-4e29-9da6-c96f627edc33",
    "data": [
      {
        "text": "Please give me the ",
        "userDefined": false
      },
      {
        "text": "souvenir",
        "meta": "@ShopEnum",
        "alias": "shop_enum",
        "userDefined": false
      },
      {
        "text": " ",
        "userDefined": false
      },
      {
        "text": "shops",
        "meta": "@Class",
        "alias": "subject",
        "userDefined": false
      }
    ],
    "isTemplate": false,
    "count": 0,
    "lang": "en",
    "updated": 0
  },
  {
    "id": "9ce8cf90-4c8d-4c43-8b04-384ab7f2f678",
    "data": [
      {
        "text": "Can you give me the list of ",
        "userDefined": false
      },
      {
        "text": "toys",
        "meta": "@ShopEnum",
        "alias": "shop_enum",
        "userDefined": false
      },
      {
        "text": " ",
        "userDefined": false
      },
      {
        "text": "shops",
        "meta": "@Class",
        "alias": "subject",
        "userDefined": false
      }
    ],
    "isTemplate": false,
    "count": 0,
    "lang": "en",
    "updated": 0
  },
  {
    "id": "4147f775-760b-491e-ad65-e3fde92abb06",
    "data": [
      {
        "text": "please show me the ",
        "userDefined": false
      },
      {
        "text": "family accommodations",
        "meta": "@Class",
        "alias": "subject",
        "userDefined": false
      },
      {
        "text": " in ",
        "userDefined": false
      },
      {
        "text": "Trentino",
        "meta": "@Region",
        "alias": "region",
        "userDefined": false
      }
    ],
    "isTemplate": false,
    "count": 0,
    "lang": "en",
    "updated": 0
  },
  {
    "id": "80d83375-9185-4276-8032-c91ced8e8385",
    "data": [
      {
        "text": "can you find some ",
        "userDefined": false
      },
      {
        "text": "apartments",
        "meta": "@Class",
        "alias": "subject",
        "userDefined": false
      },
      {
        "text": " in ",
        "userDefined": false
      },
      {
        "text": "Alto Adige",
        "meta": "@Region",
        "alias": "region",
        "userDefined": false
      },
      {
        "text": "?",
        "userDefined": false
      }
    ],
    "isTemplate": false,
    "count": 0,
    "lang": "en",
    "updated": 0
  },
  {
    "id": "d61fb162-b9de-4d7c-8537-39fdd427ac23",
    "data": [
      {
        "text": "what about ",
        "userDefined": false
      },
      {
        "text": "accommodations",
        "meta": "@Class",
        "alias": "subject",
        "userDefined": false
      },
      {
        "text": " in ",
        "userDefined": false
      },
      {
        "text": "Riva del Garda?",
        "meta": "@comuni",
        "alias": "comune",
        "userDefined": false
      }
    ],
    "isTemplate": false,
    "count": 0,
    "lang": "en",
    "updated": 0
  },
  {
    "id": "ba469b4b-3866-4d7d-b294-5a17c439a5a1",
    "data": [
      {
        "text": "can you give me the ",
        "userDefined": false
      },
      {
        "text": "hotels",
        "meta": "@Class",
        "alias": "subject",
        "userDefined": false
      },
      {
        "text": " in ",
        "userDefined": false
      },
      {
        "text": "Rovereto",
        "meta": "@comuni",
        "alias": "comune",
        "userDefined": false
      },
      {
        "text": "?",
        "userDefined": false
      }
    ],
    "isTemplate": false,
    "count": 0,
    "lang": "en",
    "updated": 0
  },
  {
    "id": "03672da0-a3d5-4044-98ea-871ec863ab37",
    "data": [
      {
        "text": "Show me the ",
        "userDefined": false
      },
      {
        "text": "groceries",
        "meta": "@ShopEnum",
        "alias": "shop_enum",
        "userDefined": true
      },
      {
        "text": " ",
        "userDefined": false
      },
      {
        "text": "shop",
        "meta": "@Class",
        "alias": "subject",
        "userDefined": true
      },
      {
        "text": " in ",
        "userDefined": false
      },
      {
        "text": "Trentino",
        "meta": "@Region",
        "alias": "region",
        "userDefined": false
      }
    ],
    "isTemplate": false,
    "count": 0,
    "lang": "en",
    "updated": 0
  },
  {
    "id": "4ef66569-0fce-40c8-ad13-3658c687a14c",
    "data": [
      {
        "text": "Get the ",
        "userDefined": false
      },
      {
        "text": "easiest",
        "meta": "@DifficultyActivityPath",
        "alias": "path_difficulty",
        "userDefined": true
      },
      {
        "text": " ",
        "userDefined": false
      },
      {
        "text": "mountain path",
        "meta": "@Class",
        "alias": "subject",
        "userDefined": true
      },
      {
        "text": " ",
        "userDefined": false
      },
      {
        "text": "without equipment required",
        "meta": "@InfoEquipment",
        "alias": "info_equipment",
        "userDefined": true
      }
    ],
    "isTemplate": false,
    "count": 0,
    "lang": "en",
    "updated": 0
  },
  {
    "id": "a692fb43-6237-483c-a619-0d7f5f3567fc",
    "data": [
      {
        "text": "Give the ",
        "userDefined": false
      },
      {
        "text": "position",
        "meta": "@Info",
        "alias": "information",
        "userDefined": true
      },
      {
        "text": " of a ",
        "userDefined": false
      },
      {
        "text": "bike",
        "meta": "@ShopEnum",
        "alias": "shop_enum",
        "userDefined": true
      },
      {
        "text": " ",
        "userDefined": false
      },
      {
        "text": "shop",
        "meta": "@Class",
        "alias": "subject",
        "userDefined": true
      }
    ],
    "isTemplate": false,
    "count": 0,
    "lang": "en",
    "updated": 0
  },
  {
    "id": "6073f60d-17bd-493d-9b69-86710bdadb42",
    "data": [
      {
        "text": "Give the list of ",
        "userDefined": false
      },
      {
        "text": "local traditional",
        "meta": "@ShopEnum",
        "alias": "shop_enum",
        "userDefined": true
      },
      {
        "text": " ",
        "userDefined": false
      },
      {
        "text": "shops",
        "meta": "@Class",
        "alias": "subject",
        "userDefined": true
      },
      {
        "text": " in ",
        "userDefined": false
      },
      {
        "text": "Alto Adige",
        "meta": "@Region",
        "alias": "region",
        "userDefined": true
      }
    ],
    "isTemplate": false,
    "count": 0,
    "lang": "en",
    "updated": 0
  },
  {
    "id": "172b1e35-b419-4a04-bac3-8d8df0ca3e2a",
    "data": [
      {
        "text": "Select ",
        "userDefined": false
      },
      {
        "text": "hotels",
        "meta": "@Class",
        "alias": "subject",
        "userDefined": false
      },
      {
        "text": " in ",
        "userDefined": false
      },
      {
        "text": "Bolzano",
        "meta": "@comuni",
        "alias": "comune",
        "userDefined": true
      },
      {
        "text": " where you can check-in ",
        "userDefined": false
      },
      {
        "text": "at 14.30 o\u0027clock",
        "meta": "@sys.time",
        "alias": "checkin",
        "userDefined": false
      }
    ],
    "isTemplate": false,
    "count": 0,
    "lang": "en",
    "updated": 0
  }
]